{
  "project_info": {
    "project_number": "239201472285",
    "project_id": "cakery-app",
    "storage_bucket": "cakery-app.appspot.com"
  },
  "client": [
    {
      "client_info": {
        "mobilesdk_app_id": "1:239201472285:android:7312cc9de8afbfe5ad1bf4",
        "android_client_info": {
          "package_name": "com.cakery.sellersapp"
        }
      },
      "oauth_client": [
        {
          "client_id": "239201472285-839i3jrnohh6ts3uotmlbsqgnl2mgih2.apps.googleusercontent.com",
          "client_type": 3
        }
      ],
      "api_key": [
        {
          "current_key": "AIzaSyA1rWDBwuppx1vgBAAbBYuGJqqOg5wiUTs"
        }
      ],
      "services": {
        "appinvite_service": {
          "other_platform_oauth_client": [
            {
              "client_id": "239201472285-839i3jrnohh6ts3uotmlbsqgnl2mgih2.apps.googleusercontent.com",
              "client_type": 3
            }
          ]
        }
      }
    },
    {
      "client_info": {
        "mobilesdk_app_id": "1:239201472285:android:bfae7cd12a30b1afad1bf4",
        "android_client_info": {
          "package_name": "com.cakery.usersapp"
        }
      },
      "oauth_client": [
        {
          "client_id": "239201472285-839i3jrnohh6ts3uotmlbsqgnl2mgih2.apps.googleusercontent.com",
          "client_type": 3
        }
      ],
      "api_key": [
        {
          "current_key": "AIzaSyA1rWDBwuppx1vgBAAbBYuGJqqOg5wiUTs"
        }
      ],
      "services": {
        "appinvite_service": {
          "other_platform_oauth_client": [
            {
              "client_id": "239201472285-839i3jrnohh6ts3uotmlbsqgnl2mgih2.apps.googleusercontent.com",
              "client_type": 3
            }
          ]
        }
      }
    }
  ],
  "configuration_version": "1"
}